satisfaction_level,last_evaluation,number_project,average_montly_hours,time_spend_company,Work_accident,left,promotion_last_5years,sales,salary
0.1,0.9,7,286,4,0,1,0,sales,low
0.89,0.93,4,249,3,0,0,0,sales,low
0.38,0.5,2,132,3,0,1,0,accounting,low
0.95,0.71,4,151,4,0,0,0,sales,medium
0.84,0.84,5,163,3,0,0,0,technical,low
0.76,0.94,4,168,6,0,0,0,technical,medium
0.55,0.88,4,252,3,0,0,0,management,low
0.85,0.49,4,139,2,0,0,0,sales,medium
0.17,0.85,3,168,4,0,0,0,IT,low
0.66,0.85,5,271,4,0,0,0,product_mng,low
0.63,0.61,4,171,3,0,0,0,sales,low
0.88,0.55,4,205,4,0,0,0,product_mng,low
0.2,0.68,5,167,7,0,0,0,marketing,medium
0.68,0.55,6,181,3,0,0,0,IT,medium
0.41,0.63,2,145,2,0,0,0,product_mng,low
0.89,0.97,4,147,2,0,0,0,technical,low
0.93,0.87,3,154,3,1,0,0,IT,low
0.91,0.77,3,195,7,0,0,0,sales,medium
0.61,0.85,4,273,3,0,0,0,RandD,low
0.99,0.6,3,262,2,0,0,0,marketing,low
0.94,0.51,4,229,2,1,0,0,sales,low
0.58,0.72,5,234,3,1,0,0,sales,low
0.67,0.86,3,175,3,0,0,0,IT,low
0.71,0.6,4,208,3,0,0,0,accounting,high
0.87,0.48,4,133,2,0,0,0,RandD,medium
0.91,0.79,4,254,2,0,0,0,support,high
0.55,0.4,3,139,8,0,0,1,hr,medium
0.71,0.97,3,219,3,0,0,0,technical,high
0.64,0.4,3,248,3,0,0,0,product_mng,medium
0.66,0.48,3,192,3,1,0,0,sales,low
0.66,0.66,3,211,4,0,0,0,sales,high
0.71,0.75,4,272,4,0,0,0,technical,low
0.49,0.99,6,205,5,0,0,0,technical,high
0.25,0.41,3,133,6,1,0,0,sales,low
0.56,0.85,3,225,3,0,0,0,IT,high
0.99,0.72,3,119,2,1,0,0,marketing,low
0.81,0.86,3,210,3,0,0,0,sales,low
0.58,0.9,5,257,3,0,0,0,marketing,medium
0.7,0.83,3,159,3,0,0,0,sales,low
0.32,0.81,5,111,4,0,0,0,sales,medium
0.51,0.51,2,271,3,0,0,0,sales,medium
0.38,0.56,2,156,3,0,1,0,technical,low
0.78,0.77,3,149,4,1,0,0,support,medium
0.66,0.66,4,166,3,0,0,0,technical,low
0.51,0.51,5,259,4,0,0,0,sales,low
0.91,0.9,4,245,5,0,1,0,technical,low
0.13,0.59,5,160,5,0,0,0,technical,medium
0.7,0.74,6,136,3,0,1,0,IT,low
0.53,0.58,4,251,2,0,0,0,technical,medium
0.88,0.58,3,145,8,0,0,0,sales,low
0.57,0.7,3,172,3,0,0,0,technical,low
0.88,0.96,4,262,3,0,0,0,sales,medium
0.14,0.79,5,271,4,0,0,0,management,high
0.11,0.9,6,264,4,0,1,0,technical,medium
0.41,0.47,2,138,3,0,1,0,sales,low
0.94,0.64,5,247,10,0,0,0,sales,medium
0.45,0.39,2,167,3,0,0,0,support,medium
0.41,0.48,2,130,3,0,1,0,support,high
0.67,0.55,3,175,2,0,0,0,IT,medium
0.12,0.42,3,110,2,0,0,0,accounting,medium
0.22,0.88,5,154,5,0,0,0,sales,low
0.71,0.8,3,182,2,1,0,0,technical,low
0.36,0.63,2,278,4,0,0,0,RandD,low
0.49,0.54,4,173,2,0,0,0,sales,low
0.82,0.67,3,213,2,0,0,0,support,low
0.72,0.83,3,132,2,0,0,0,technical,medium
0.85,0.92,4,151,3,1,0,0,IT,medium
0.43,0.47,2,158,3,0,1,0,product_mng,low
0.57,0.89,3,202,2,0,0,0,sales,medium
0.49,0.94,4,195,3,1,0,0,technical,medium
0.68,0.79,4,273,4,0,0,0,product_mng,low
0.51,0.94,4,155,3,0,0,0,IT,medium
0.9,0.62,4,258,3,0,0,0,technical,medium
0.62,0.79,3,141,3,0,0,0,accounting,low
0.45,0.45,2,145,3,0,1,0,sales,medium
0.62,0.79,4,268,6,0,0,0,sales,medium
0.45,0.57,2,148,3,0,1,0,marketing,high
0.84,0.78,5,172,2,0,0,1,accounting,high
0.39,0.48,2,141,3,0,1,0,product_mng,medium
0.45,0.46,2,153,3,0,1,0,management,low
0.33,0.41,2,198,4,0,0,0,technical,medium
0.41,0.54,2,152,3,0,1,0,sales,medium
0.61,0.65,2,117,2,1,0,0,sales,medium
0.76,0.74,4,261,3,0,0,0,technical,medium
0.44,0.54,2,151,3,0,1,0,management,low
0.21,0.7,6,130,6,1,0,0,RandD,low
0.41,0.57,2,136,3,0,1,0,support,low
0.78,0.54,3,161,3,0,0,0,support,medium
0.79,0.63,3,212,2,1,0,0,sales,medium
0.62,0.66,3,208,3,0,0,0,management,low
0.73,0.6,4,166,3,0,0,0,sales,high
0.1,0.83,7,302,5,0,1,0,IT,medium
0.57,0.91,3,193,2,0,0,0,sales,low
0.17,0.57,5,286,3,0,0,0,sales,low
0.36,0.52,2,147,3,0,1,0,sales,medium
0.45,0.55,5,268,2,0,0,0,technical,low
0.74,0.53,5,141,2,0,0,0,accounting,low
0.98,0.77,3,134,2,1,0,0,sales,low
0.92,0.49,3,240,2,0,0,0,hr,low
0.64,0.99,3,167,2,0,0,0,technical,low
0.75,1,3,102,3,0,0,0,accounting,medium
0.6,0.89,3,232,2,0,0,0,support,low
0.52,0.86,5,256,3,0,0,0,support,medium
0.8,0.55,4,144,5,1,0,0,product_mng,high
0.82,0.86,4,264,5,0,1,0,management,medium
0.78,0.91,4,202,2,0,0,0,sales,medium
0.8,0.53,3,255,5,0,1,0,technical,high
0.19,0.63,6,241,6,0,0,0,sales,high
0.66,0.8,4,192,3,0,0,0,hr,medium
0.63,0.7,5,160,3,0,0,0,management,high
0.51,0.98,4,171,2,0,0,0,RandD,low
0.41,0.53,2,157,3,0,1,0,accounting,low
0.85,0.55,3,137,3,1,0,0,sales,low
0.43,0.46,2,126,3,0,1,0,sales,medium
0.61,0.53,4,266,3,0,0,0,accounting,medium
0.98,0.8,4,134,2,1,0,0,support,medium
0.35,0.5,5,227,2,0,0,0,support,low
0.38,0.53,2,156,3,0,1,0,sales,low
0.7,0.72,4,202,3,0,0,0,IT,medium
0.63,0.7,5,160,3,0,0,0,management,high
0.41,0.56,2,143,3,0,1,0,technical,medium
0.7,0.51,3,256,3,0,0,0,technical,low
0.48,0.94,3,162,3,1,0,0,sales,medium
0.42,0.48,2,155,3,0,1,0,hr,medium
0.09,0.81,6,257,4,0,1,0,support,low
0.66,0.86,5,185,3,0,0,0,IT,low
0.1,0.95,6,256,4,0,1,0,technical,medium
0.11,0.84,6,252,4,0,1,0,technical,low
0.4,0.48,2,142,3,0,1,0,support,low
0.85,0.99,6,153,6,0,0,0,technical,medium
0.18,0.6,3,140,4,0,0,0,sales,low
0.59,0.73,4,247,10,0,0,0,management,high
0.88,0.72,2,144,4,1,0,0,technical,low
0.26,0.43,4,215,4,1,0,0,support,low
0.83,0.55,5,247,3,0,0,0,sales,low
0.61,0.75,3,140,3,0,0,0,RandD,low
0.38,0.59,4,276,2,0,0,0,product_mng,low
0.1,0.91,6,287,4,0,1,0,technical,low
0.98,0.78,3,197,2,0,0,0,hr,low
0.18,0.54,4,145,5,0,0,0,RandD,low
0.87,0.81,5,236,3,0,0,0,technical,medium
1,0.52,4,198,3,0,0,0,product_mng,medium
0.81,0.55,4,217,8,0,0,0,accounting,medium
0.14,0.7,5,236,3,0,1,0,sales,medium
0.76,0.77,4,169,10,0,0,0,management,medium
0.67,0.65,5,156,2,0,0,0,support,medium
0.15,0.67,6,167,6,0,0,0,sales,low
0.81,0.83,3,133,3,1,0,0,IT,medium
0.8,0.96,3,257,5,0,0,0,support,medium
0.43,0.52,2,147,3,0,1,0,sales,low
0.73,0.6,3,252,4,1,0,0,sales,low
0.5,0.59,3,192,2,0,0,0,sales,low
0.32,0.66,3,144,2,0,0,0,support,low
0.61,0.41,3,103,2,0,0,0,technical,high
0.89,0.46,4,248,5,1,0,0,hr,medium
0.24,0.65,4,248,3,0,0,0,support,medium
0.81,0.92,3,136,3,0,0,0,marketing,medium
0.69,0.82,4,137,2,1,0,0,technical,low
0.85,0.64,5,256,7,0,0,0,product_mng,low
0.92,0.64,4,259,2,0,0,0,sales,medium
0.36,0.49,2,147,3,0,1,0,marketing,low
0.41,0.52,2,147,3,0,1,0,product_mng,medium
0.81,0.9,4,226,5,0,1,0,product_mng,medium
0.22,0.7,4,159,5,0,0,0,management,low
0.48,0.42,2,275,6,1,0,1,hr,medium
0.59,0.43,3,173,3,0,0,0,technical,low
0.87,0.9,3,307,5,0,1,0,technical,low
0.38,0.94,5,252,5,0,0,0,sales,low
0.49,0.88,4,244,3,0,0,0,sales,low
0.86,0.91,4,253,3,0,0,0,IT,low
0.79,0.67,5,156,2,0,0,0,product_mng,low
0.17,0.6,5,144,6,0,0,0,technical,medium
0.73,0.97,4,163,3,0,0,0,sales,medium
0.89,0.56,3,224,2,0,0,0,support,medium
0.53,0.64,3,168,3,0,0,0,sales,low
0.47,0.5,4,159,2,0,0,0,product_mng,low
0.54,0.58,3,169,2,1,0,0,technical,high
0.67,0.68,4,254,3,0,0,0,technical,low
0.57,1,4,227,10,0,0,0,technical,low
0.82,0.69,3,250,3,0,0,0,accounting,low
0.49,0.71,2,117,3,0,0,0,marketing,high
0.89,0.57,3,113,3,0,0,0,technical,low
0.14,0.72,4,254,4,0,0,0,support,low
0.43,0.49,2,135,3,0,1,0,sales,medium
0.84,0.73,4,197,3,0,0,1,technical,low
0.24,0.95,3,168,4,0,0,0,IT,medium
0.4,0.57,2,160,3,0,1,0,accounting,low
0.57,0.61,3,112,5,0,0,0,IT,medium
0.67,0.69,5,225,3,0,0,0,accounting,medium
0.77,0.82,3,153,3,1,0,0,technical,medium
0.82,0.95,6,191,6,0,0,0,accounting,medium
0.94,0.59,3,137,2,0,0,0,sales,medium
0.52,0.79,4,234,3,0,0,0,support,low
0.96,0.9,4,246,3,0,0,0,support,low
0.18,0.95,6,248,3,0,0,0,support,low
0.9,0.85,3,253,3,0,0,0,sales,medium
0.42,0.56,2,149,3,0,1,0,sales,low
0.53,0.79,3,206,3,0,0,0,technical,medium
0.42,0.48,2,143,3,0,1,0,sales,low
0.56,0.69,3,176,3,0,0,0,management,medium
0.49,0.8,4,161,2,0,0,0,IT,medium
0.7,0.79,6,145,3,0,0,0,accounting,medium
0.54,0.67,3,154,2,0,0,0,sales,high
0.88,1,5,226,6,0,1,0,marketing,low
0.82,0.84,5,244,5,0,1,0,sales,low
0.98,0.5,4,207,3,0,0,0,marketing,low
0.52,0.57,3,183,2,0,0,0,technical,low
0.9,0.68,3,135,3,0,0,0,RandD,low
0.45,0.57,2,136,3,0,1,0,sales,low
0.5,0.6,3,270,3,1,0,0,management,medium
0.57,0.58,3,192,3,0,0,0,technical,medium
0.36,0.54,2,158,3,0,1,0,support,low
0.89,0.7,4,235,2,1,0,0,accounting,high
0.09,0.8,6,298,4,0,1,0,support,medium
0.59,0.75,3,106,2,0,0,0,accounting,low
0.82,0.65,4,210,2,0,0,0,accounting,medium
0.2,0.38,6,212,6,0,0,0,sales,high
0.4,0.46,2,149,3,0,1,0,technical,medium
0.84,0.75,4,135,3,0,0,1,RandD,medium
0.76,0.7,3,136,2,0,0,0,hr,high
0.33,0.59,3,243,2,0,0,0,technical,medium
0.49,0.94,5,136,3,0,0,0,product_mng,medium
0.24,0.65,3,143,4,0,0,0,support,medium
0.37,0.56,2,156,3,0,1,0,sales,medium
0.44,0.49,2,145,3,0,1,0,sales,low
0.49,0.4,2,148,2,1,0,1,management,high
0.41,0.54,2,153,3,1,1,0,sales,low
0.52,0.59,5,150,2,0,0,0,sales,low
0.17,0.59,6,160,2,0,0,0,IT,low
0.09,0.92,7,254,4,0,1,0,sales,medium
0.09,0.93,6,279,4,0,1,0,technical,low
0.56,0.73,4,148,3,0,0,0,sales,low
0.58,0.65,5,187,2,0,0,0,sales,low
0.11,0.88,7,253,4,0,1,0,hr,low
0.8,0.67,3,178,3,0,0,0,IT,low
0.64,0.96,3,274,3,0,0,0,accounting,low
0.93,0.48,3,147,3,0,0,0,support,low
0.9,0.89,4,254,7,0,0,0,product_mng,low
0.63,0.86,4,169,2,0,0,0,sales,high
0.62,0.64,5,187,3,0,0,0,sales,medium
0.65,0.63,3,237,3,0,0,0,hr,medium
0.58,0.88,4,255,3,0,0,0,sales,high
0.15,0.52,4,265,6,0,0,0,support,low
0.56,0.48,3,134,3,0,0,0,product_mng,low
0.11,0.79,7,306,4,0,1,0,product_mng,medium
0.75,0.86,5,237,5,0,1,0,support,high
0.11,0.79,6,264,4,0,1,0,technical,low
0.17,0.73,5,258,4,0,0,0,technical,medium
0.88,0.75,4,201,2,0,0,0,sales,medium
0.9,0.55,3,195,3,0,0,0,IT,medium
0.1,0.86,6,278,4,0,1,0,technical,high
0.15,0.67,6,209,5,0,0,0,technical,low
0.93,0.48,5,134,6,0,0,0,technical,low
0.51,0.76,4,140,3,0,0,0,support,low
0.41,0.48,6,165,4,0,0,0,IT,medium
0.49,0.59,4,137,4,0,0,0,technical,high
0.62,0.98,4,137,3,0,0,0,technical,medium
0.1,0.93,7,305,4,0,1,0,technical,medium
0.53,0.91,5,181,3,0,0,0,sales,low
0.46,0.48,2,141,3,1,1,0,sales,low
0.53,0.75,4,240,4,0,0,0,product_mng,low
0.1,0.92,6,285,4,0,1,0,technical,low
0.81,0.92,4,268,3,0,0,0,sales,low
0.59,0.77,3,272,8,0,0,0,management,high
0.91,0.92,4,246,5,0,1,0,sales,low
0.5,0.77,4,180,3,0,0,0,sales,medium
0.81,0.81,5,250,4,0,0,1,sales,medium
0.82,0.58,4,183,3,0,0,0,management,medium
0.96,0.5,3,158,2,1,0,0,sales,medium
0.52,0.62,5,239,2,0,0,0,sales,medium
0.41,0.51,2,156,3,0,1,0,technical,medium
0.79,0.65,3,235,10,0,0,0,technical,low
0.78,0.59,5,236,3,0,0,0,technical,high
0.1,0.97,7,306,4,0,1,0,marketing,low
0.79,0.76,4,216,4,0,0,0,RandD,medium
0.73,0.68,3,121,5,0,0,0,RandD,low
0.73,0.74,4,214,3,0,0,0,sales,high
0.93,0.67,5,237,4,0,0,0,product_mng,low
0.65,0.62,4,258,2,0,0,0,support,high
0.9,0.57,4,185,3,1,0,0,technical,medium
0.67,0.51,5,182,3,0,0,0,management,low
0.4,0.56,2,149,3,0,1,0,accounting,low
0.73,0.86,4,245,6,0,1,0,sales,low
0.55,0.65,5,138,2,0,0,0,technical,medium
0.69,0.64,3,286,3,0,0,0,technical,medium
0.1,0.85,6,283,4,0,1,0,sales,medium
0.44,0.45,2,132,3,0,1,0,sales,low
0.52,0.82,3,170,3,0,0,0,RandD,low
0.68,0.91,4,162,3,1,0,0,technical,medium
0.67,0.64,3,198,2,1,0,0,management,medium
0.43,0.48,2,135,3,0,1,0,sales,medium
0.63,0.89,4,192,2,0,0,0,sales,high
0.81,0.47,4,153,7,0,0,0,product_mng,low
0.09,0.93,6,308,4,0,1,0,RandD,low
0.76,0.89,4,224,2,0,0,0,product_mng,low
0.92,0.65,4,238,2,0,0,0,sales,low
0.61,0.64,5,186,4,0,0,0,support,medium
0.95,0.58,4,188,3,0,0,0,sales,low
0.59,0.62,4,227,4,1,0,0,technical,low
0.56,0.64,3,206,2,0,0,0,IT,medium
0.45,0.57,2,158,3,0,1,0,sales,low
0.88,0.92,4,233,6,0,1,0,technical,low
0.37,0.92,4,211,7,0,0,0,sales,high
0.17,0.41,4,232,3,1,0,0,RandD,medium
0.1,0.81,6,309,4,0,1,0,technical,low
0.96,0.75,3,231,3,0,0,0,technical,low
0.74,0.74,5,175,3,0,0,0,sales,low
0.72,0.98,3,181,4,0,0,0,technical,low
0.9,0.92,5,154,4,0,1,0,sales,low
0.91,0.97,5,233,5,0,1,0,hr,medium
0.99,0.96,4,202,3,0,0,0,RandD,medium
0.75,0.79,4,145,3,0,0,0,technical,medium
0.63,0.99,3,247,3,0,0,0,sales,medium
0.88,0.88,5,232,5,1,1,0,accounting,medium
0.61,0.5,4,269,3,0,0,0,IT,medium
0.61,0.6,3,255,2,0,0,0,RandD,medium
0.5,0.73,3,154,10,0,0,0,IT,medium
0.82,0.95,3,203,3,0,0,0,RandD,medium
0.66,0.95,5,206,2,0,0,0,sales,medium
0.78,0.72,4,219,3,0,0,0,hr,medium
0.11,0.83,6,244,4,0,1,0,accounting,low
0.37,0.48,2,137,3,0,1,0,technical,medium
0.76,0.57,5,255,4,0,0,0,management,medium
0.57,0.59,4,250,2,0,0,0,support,low
0.63,0.89,3,239,3,0,0,0,IT,medium
0.91,0.7,3,195,3,0,0,0,sales,medium
0.79,0.83,3,126,10,1,0,0,support,low
0.1,0.89,6,247,4,0,1,0,technical,low
0.42,0.48,2,140,3,0,1,0,sales,low
0.78,0.79,5,233,3,1,0,0,RandD,high
0.09,0.83,6,282,4,0,1,0,technical,medium
0.48,0.38,3,134,3,0,0,0,product_mng,medium
0.15,0.94,5,244,6,0,0,0,technical,high
0.62,0.49,4,174,3,0,0,0,technical,medium
0.85,0.95,5,236,5,0,1,0,hr,low
0.72,0.63,4,241,4,1,0,0,marketing,medium
0.45,0.54,2,142,3,0,1,0,hr,medium
0.82,0.86,5,243,5,0,1,0,IT,low
0.79,0.52,3,134,2,1,0,0,sales,medium
0.97,0.66,5,234,6,0,0,0,technical,low
0.95,0.72,4,235,2,0,0,0,support,low
0.5,0.77,4,180,3,0,0,0,sales,medium
0.61,0.71,3,216,4,0,0,0,management,medium
0.09,0.86,6,297,4,0,1,0,hr,low
0.51,0.58,3,155,3,0,0,0,sales,low
0.82,0.93,3,247,3,0,0,0,technical,medium
0.78,0.71,3,249,5,0,1,0,marketing,medium
0.27,0.54,7,278,3,0,1,0,technical,low
0.79,0.94,4,232,5,0,1,0,technical,medium
0.85,0.73,4,174,3,0,0,0,support,low
0.51,0.91,4,206,3,0,0,0,sales,low
0.77,0.82,3,153,3,1,0,0,technical,medium
0.64,0.77,3,249,2,1,0,0,support,low
0.76,0.82,4,170,6,0,0,0,sales,medium
0.41,0.57,3,193,3,1,0,0,IT,medium
0.45,0.48,3,145,2,0,0,0,support,medium
0.75,0.97,4,245,5,0,1,0,support,medium
0.48,0.54,4,105,5,1,0,0,support,low
0.79,0.74,3,238,2,0,0,0,technical,medium
0.75,0.81,5,227,5,0,1,0,technical,medium
0.75,0.69,3,242,3,0,0,0,sales,high
0.59,1,3,156,4,0,1,0,accounting,low
0.7,0.77,4,245,2,0,0,0,sales,low
0.73,0.77,3,233,3,0,0,0,sales,medium
0.22,0.88,4,213,3,1,0,0,technical,medium
0.19,0.64,6,222,5,0,0,0,product_mng,medium
0.38,0.47,2,144,3,0,1,0,support,low
0.57,0.7,3,248,2,0,0,0,technical,medium
0.99,0.64,3,183,3,0,0,0,hr,medium
0.88,0.84,4,171,4,1,0,0,support,medium
0.6,0.89,3,167,4,0,0,0,RandD,medium
0.62,0.78,3,178,3,1,0,0,technical,low
0.6,0.82,4,134,2,0,0,0,IT,low
0.49,0.6,4,141,3,0,0,0,technical,low
0.84,0.53,3,210,4,1,0,0,marketing,medium
0.44,0.5,2,148,3,0,1,0,accounting,medium
0.57,0.81,3,144,3,0,0,0,sales,low
0.56,0.99,3,209,2,0,0,0,technical,low
0.61,0.42,3,145,4,0,0,1,sales,medium
0.53,0.8,4,241,3,1,0,0,technical,low
0.87,0.92,2,248,3,0,0,0,technical,low
0.77,0.52,4,216,3,0,0,0,sales,medium
0.49,0.8,3,238,4,0,0,0,product_mng,low
0.98,0.66,3,204,2,0,0,0,sales,medium
0.94,0.88,4,262,2,0,0,0,sales,medium
0.84,0.73,5,230,4,1,0,0,accounting,low
0.67,0.66,3,151,3,0,0,0,technical,low
0.49,0.5,5,170,2,0,0,0,sales,medium
0.18,0.84,4,231,5,0,0,0,sales,low
0.5,0.59,4,192,2,0,0,0,sales,medium
0.91,0.97,4,251,6,0,1,0,technical,low
0.75,0.49,2,173,3,1,0,0,RandD,low
0.93,0.7,3,159,2,0,0,0,sales,medium
0.6,0.45,3,104,4,0,0,0,IT,low
0.57,0.66,3,268,3,0,0,0,sales,low
0.49,0.91,3,227,3,0,0,0,sales,medium
0.66,0.49,3,206,2,0,0,0,marketing,medium
0.85,0.57,5,190,2,1,0,0,technical,medium
0.39,0.56,2,135,3,0,1,0,hr,low
0.66,0.77,4,188,2,0,0,0,technical,low
0.1,0.84,6,279,4,0,1,0,sales,low
0.45,0.88,5,268,3,1,0,0,support,medium
0.45,0.45,2,154,3,1,1,0,support,medium
0.23,0.72,6,121,3,0,0,0,support,medium
0.5,0.62,4,166,3,1,0,0,support,low
0.8,0.94,4,136,2,0,0,0,hr,medium
0.24,0.5,4,232,3,0,0,1,accounting,high
0.5,0.75,5,255,3,0,0,0,sales,medium
0.91,0.98,4,146,3,0,0,0,accounting,low
0.65,0.4,2,277,2,0,0,0,technical,medium
0.74,0.7,4,167,3,1,0,0,technical,low
0.37,0.5,2,135,3,0,1,0,product_mng,low
0.62,0.57,3,223,3,1,0,0,support,low
0.71,0.96,4,161,3,0,0,0,support,low
0.54,0.83,6,165,6,0,1,0,support,low
0.18,0.48,4,176,4,1,0,0,sales,low
0.82,0.67,3,198,3,1,0,0,product_mng,low
0.96,0.83,4,132,6,0,0,0,technical,high
0.45,0.52,2,145,3,0,1,0,sales,medium
0.71,0.39,3,261,3,0,0,0,RandD,medium
0.72,0.98,3,211,2,0,0,0,IT,low
0.11,0.91,6,278,4,0,1,0,marketing,low
0.45,0.48,2,158,3,0,1,0,technical,low
0.68,0.54,4,165,4,0,0,0,sales,high
0.71,0.88,3,140,2,0,0,0,technical,low
0.82,0.77,4,152,2,1,0,0,marketing,low
0.09,0.91,6,275,4,0,1,0,support,low
0.73,0.99,5,241,5,0,1,0,sales,low
0.53,0.99,3,188,3,0,0,0,technical,high
0.12,0.84,4,218,6,0,0,0,technical,medium
0.56,0.58,4,258,3,0,0,0,sales,medium
0.8,0.95,4,272,2,0,0,0,sales,low
0.11,0.83,6,306,4,0,1,0,support,low
0.43,0.92,5,151,4,0,0,0,technical,low
0.86,0.73,5,259,2,0,0,0,technical,medium
0.14,0.8,5,226,3,0,0,0,sales,medium
0.21,0.92,2,211,2,0,0,0,support,medium
0.6,0.79,5,154,2,0,0,0,support,low
0.1,0.9,7,281,4,0,1,0,sales,low
0.67,0.87,3,177,4,0,0,0,sales,high
0.56,0.67,4,184,3,0,0,0,marketing,low
0.92,0.91,4,222,2,0,0,0,support,low
0.97,0.92,6,137,8,1,0,0,product_mng,low
0.74,0.95,3,157,4,0,0,0,technical,medium
0.72,0.39,3,257,3,0,0,0,technical,low
0.59,0.57,2,170,3,0,0,0,technical,low
0.57,0.97,5,126,5,0,0,0,sales,medium
0.79,0.98,4,170,3,0,0,0,hr,low
0.81,0.73,4,186,3,0,0,0,support,low
0.9,0.72,4,143,3,0,0,0,IT,medium
0.26,0.91,5,183,6,0,0,0,IT,medium
0.53,0.97,4,249,3,0,0,0,sales,medium
0.96,0.72,4,228,2,0,0,0,accounting,high
0.94,0.59,4,241,2,0,0,0,technical,low
0.24,0.5,4,209,3,0,0,0,sales,medium
0.84,0.54,4,179,2,0,0,0,technical,low
0.95,0.54,4,255,2,0,0,0,sales,low
0.2,0.98,3,180,6,0,0,0,sales,medium
0.76,0.89,5,262,5,0,1,0,sales,low
0.92,0.67,3,149,3,0,0,0,sales,low
0.92,0.85,3,207,2,0,0,0,support,low
0.37,0.45,2,126,3,0,1,0,support,medium
0.36,0.46,2,132,3,0,1,0,sales,low
0.36,0.52,2,146,3,0,1,0,sales,medium
0.18,0.57,6,238,6,1,0,0,marketing,low
0.49,0.99,3,199,3,0,0,0,sales,medium
0.71,0.61,2,216,2,0,0,0,product_mng,medium
0.6,0.98,4,146,10,0,0,0,technical,low
0.62,0.94,4,252,4,0,0,0,accounting,low
0.9,0.92,4,271,5,0,1,0,IT,medium
0.95,0.57,5,216,3,0,0,0,product_mng,low
0.65,0.95,3,190,3,0,0,0,technical,low
0.9,0.7,5,206,4,0,1,0,technical,low
0.74,0.51,5,258,2,0,0,0,sales,low
0.6,0.48,4,219,4,1,0,0,sales,medium
0.66,0.84,4,168,2,0,0,0,support,low
0.89,0.81,3,186,3,0,0,0,product_mng,medium
0.85,0.66,4,155,4,0,0,0,hr,high
0.74,0.98,3,166,3,1,0,1,management,high
0.39,0.55,2,156,3,0,1,0,sales,high
0.39,0.54,2,127,3,0,1,0,sales,low
0.43,0.53,2,146,3,0,1,0,marketing,low
0.72,0.58,3,198,2,0,0,0,marketing,low
0.61,0.82,3,271,3,0,0,0,support,low
0.82,0.82,3,148,3,0,0,0,IT,low
0.4,0.54,2,139,3,0,1,0,marketing,low
0.75,0.83,4,133,4,0,0,0,hr,high
0.31,0.72,2,191,3,0,0,0,hr,medium
0.78,0.6,4,206,3,0,0,0,sales,medium
0.65,0.71,4,186,2,0,0,0,IT,low
0.4,0.46,2,155,3,0,1,0,support,medium
0.25,0.96,6,217,4,0,0,0,marketing,low
0.84,0.56,3,266,3,0,0,0,hr,high
0.1,0.9,7,290,4,0,1,0,sales,low
0.62,0.74,4,173,2,0,0,0,sales,medium
0.75,0.97,5,243,6,0,1,0,technical,medium
0.75,0.55,3,253,6,0,0,0,IT,medium
0.74,0.69,3,230,2,0,0,0,support,medium
0.51,0.8,4,198,6,0,0,0,marketing,medium
0.62,0.72,2,180,2,1,0,0,technical,low
0.5,1,3,149,2,0,0,0,hr,medium
0.89,0.84,6,196,4,0,0,0,sales,medium
0.56,0.66,3,212,2,0,0,0,technical,medium
0.4,0.46,2,128,3,0,1,0,management,low
0.37,0.71,2,139,4,0,0,0,RandD,high
0.54,0.73,4,266,3,0,0,0,product_mng,low
0.56,0.99,4,230,3,0,0,0,sales,high
0.96,0.94,3,182,3,0,0,0,marketing,high
0.49,0.87,3,212,2,0,0,0,product_mng,medium
0.27,0.56,3,301,3,0,1,0,support,low
0.81,0.68,3,151,3,0,0,0,accounting,low
0.83,0.75,3,150,3,0,0,0,support,low
0.8,0.9,5,267,5,0,1,0,technical,medium
0.4,0.51,2,160,3,0,1,0,support,medium
0.37,0.52,2,158,3,0,1,0,support,low
1,0.49,4,140,3,0,0,0,sales,low
0.73,0.54,4,167,3,0,0,0,IT,medium
0.58,0.53,4,192,4,0,0,0,IT,medium
0.47,0.46,2,152,2,0,0,0,IT,medium
0.83,0.75,6,215,5,0,0,0,sales,medium
0.12,0.78,6,260,5,0,0,0,management,medium
0.1,0.89,7,291,4,0,1,0,support,medium
0.24,0.58,3,184,5,1,0,0,technical,medium
0.69,0.91,4,128,3,1,0,0,sales,medium
0.68,0.44,5,152,5,0,0,0,support,low
0.49,0.78,3,264,4,0,0,0,accounting,low
0.54,0.52,4,173,2,0,0,0,marketing,medium
0.82,0.97,5,263,5,0,1,0,technical,medium
0.8,0.87,4,220,2,0,0,0,IT,medium
0.6,0.79,4,262,3,0,0,0,sales,low
0.74,0.99,4,276,5,0,1,0,support,low
0.86,0.64,4,147,2,1,0,0,product_mng,high
0.44,0.53,2,159,3,0,1,0,sales,low
0.92,0.54,4,217,4,0,0,0,support,low
0.69,0.78,5,267,2,1,0,0,support,low
0.91,0.98,4,242,6,0,1,0,support,low
0.87,0.94,4,189,3,0,0,1,sales,medium
0.76,0.83,5,227,5,0,1,0,sales,low
0.49,0.61,4,232,3,1,0,0,technical,medium
0.89,0.67,3,226,3,0,0,0,sales,medium
0.11,0.85,7,275,4,0,1,0,support,medium
0.51,0.93,3,162,4,0,0,0,support,medium
0.12,0.61,6,172,6,0,0,0,RandD,high
0.58,0.75,4,244,4,0,0,0,sales,low
0.89,0.77,3,144,3,0,0,0,management,high
0.41,0.56,2,143,3,0,1,0,technical,medium
0.59,0.64,5,123,2,0,0,0,product_mng,low
0.77,0.83,3,175,3,0,0,1,sales,medium
0.79,0.59,3,145,2,0,0,0,support,low
0.5,1,5,264,8,0,0,1,accounting,high
0.69,0.66,3,215,6,0,0,0,sales,high
0.49,0.67,2,190,8,0,0,0,marketing,medium
0.9,1,5,232,5,0,1,0,technical,medium
0.65,0.98,3,252,2,0,0,0,product_mng,high
0.72,0.83,4,181,3,0,0,0,sales,low
0.75,0.76,4,254,4,0,0,0,support,low
0.76,0.56,3,154,2,0,0,0,IT,low
0.21,0.44,4,163,6,0,0,0,sales,high
0.4,0.52,2,147,3,0,1,0,product_mng,medium
0.09,0.77,6,290,4,0,1,0,technical,medium
0.87,1,5,261,5,1,1,0,technical,medium
0.85,0.9,2,168,2,0,1,0,sales,medium
0.61,0.9,4,216,3,0,0,0,technical,medium
0.59,0.81,4,173,2,0,0,0,sales,medium
0.8,0.88,3,154,2,0,0,0,product_mng,medium
0.66,0.69,4,198,3,1,0,0,hr,medium
0.47,0.71,2,241,4,0,0,0,sales,low
0.46,0.38,6,140,3,0,0,0,technical,high
0.85,0.75,3,214,3,0,0,0,support,medium
0.77,0.94,5,226,6,0,1,0,support,low
0.63,0.93,4,233,3,0,0,0,IT,medium
0.79,0.75,4,168,3,0,0,0,sales,high
0.69,0.72,2,190,2,0,0,0,technical,medium
0.51,0.74,6,98,3,0,0,0,support,low
0.16,0.99,3,213,6,1,0,1,RandD,medium
0.11,0.85,6,308,5,0,1,0,sales,medium
0.15,0.6,5,188,7,0,0,0,sales,medium
0.81,0.62,3,187,3,0,0,0,technical,low
0.5,0.6,5,216,3,0,0,0,sales,medium
0.49,0.77,4,218,2,0,0,0,technical,low
0.74,0.79,5,241,3,0,0,0,technical,low
0.69,0.87,5,174,3,0,0,0,support,medium
0.94,0.59,6,212,2,0,0,0,sales,medium
0.75,0.85,5,240,6,1,1,0,marketing,medium
0.62,0.77,3,271,2,0,0,0,sales,medium
0.91,0.56,4,241,2,0,0,0,IT,low
0.76,0.65,3,254,2,0,0,0,sales,low
0.49,0.65,4,233,7,0,0,0,sales,medium
0.4,0.49,2,143,3,0,1,0,product_mng,medium
0.82,0.52,5,225,2,0,0,0,accounting,high
0.59,0.53,5,169,3,0,0,0,technical,low
0.84,0.79,6,140,2,0,0,0,accounting,high
0.6,0.9,4,260,2,0,0,0,sales,medium
0.76,0.85,3,180,7,0,0,0,sales,medium
0.51,0.67,4,133,3,0,0,0,sales,medium
0.37,0.57,2,155,3,0,1,0,support,low
0.55,0.81,4,267,5,0,0,0,accounting,low
0.72,0.67,3,243,3,0,0,0,sales,low
0.68,0.5,3,139,3,0,0,0,technical,medium
0.38,0.52,2,154,3,0,1,0,sales,medium
0.63,0.78,2,158,5,1,0,0,sales,medium
0.84,0.8,3,151,3,1,0,0,RandD,low
0.11,0.89,6,272,4,0,1,0,product_mng,medium
0.35,0.58,3,229,6,1,0,0,technical,medium
0.19,1,4,192,4,0,1,0,accounting,low
0.96,0.93,5,141,2,1,0,0,sales,medium
0.91,0.69,4,259,3,0,0,0,support,high
0.59,0.77,3,272,8,0,0,0,management,high
0.91,0.82,2,241,3,0,0,0,sales,medium
0.96,0.92,3,150,2,0,0,0,marketing,medium
0.7,0.99,3,167,3,0,0,0,sales,low
0.67,0.68,3,189,3,0,0,0,sales,low
0.41,0.46,2,151,3,0,1,0,product_mng,low
0.37,0.46,2,149,3,0,1,0,marketing,high
0.97,0.5,3,216,3,0,0,0,IT,low
0.83,0.8,3,273,3,0,0,0,sales,low
0.73,0.99,3,241,3,0,0,0,RandD,low
0.67,0.64,5,248,3,0,0,0,support,medium
0.69,0.64,5,265,2,1,0,0,support,high
0.77,0.66,3,147,2,0,0,0,sales,medium
0.48,0.71,2,162,3,1,0,0,sales,high
0.52,0.54,4,212,3,0,0,0,IT,low
0.54,0.95,4,149,3,0,0,0,support,low
0.58,0.67,5,265,3,0,0,0,support,medium
0.55,0.6,3,180,4,0,1,0,technical,medium
0.83,0.71,3,234,4,0,0,0,accounting,high
0.73,0.48,4,139,2,0,0,0,RandD,low
0.38,0.55,2,151,3,0,1,0,sales,low
0.78,0.44,3,97,4,0,0,0,IT,medium
0.75,0.63,4,209,3,0,0,1,sales,medium
0.51,0.63,5,260,2,0,0,0,product_mng,high
0.84,0.94,4,246,2,1,0,0,support,medium
0.41,0.45,2,144,3,1,1,0,product_mng,low
0.67,0.91,3,256,3,0,0,0,technical,low
0.99,0.61,3,254,3,0,0,0,marketing,medium
0.54,0.65,3,202,3,0,0,0,marketing,low
0.65,0.89,4,204,8,1,0,0,support,low
0.73,0.78,5,150,3,0,0,0,sales,low
0.36,0.62,4,237,2,0,1,0,technical,medium
0.93,0.57,2,205,4,1,0,0,product_mng,medium
0.48,0.77,5,250,2,0,0,1,RandD,medium
0.11,0.78,6,260,4,0,1,0,hr,medium
0.76,0.76,3,197,2,0,0,0,sales,medium
0.66,0.89,4,173,4,0,0,0,support,low
0.67,0.44,4,194,2,1,0,0,sales,low
0.64,0.81,2,226,2,0,0,0,IT,medium
0.81,0.56,3,142,3,0,0,0,sales,low
0.59,0.86,4,260,2,0,0,0,sales,medium
0.97,0.84,4,177,6,0,0,0,technical,low
0.56,0.79,5,248,3,0,0,0,sales,medium
0.81,0.52,3,162,3,0,0,0,marketing,medium
0.71,0.79,3,189,3,0,0,0,IT,medium
0.24,0.74,6,106,5,0,0,0,technical,low
0.49,0.74,4,104,4,0,0,0,sales,medium
0.93,0.6,4,271,3,0,0,0,accounting,low
0.93,0.64,4,253,3,0,0,0,RandD,low
0.27,0.47,5,217,6,0,0,0,accounting,medium
0.77,0.95,3,192,4,1,0,0,RandD,medium
0.6,0.61,4,209,3,0,0,0,accounting,low
0.67,0.81,3,221,4,1,0,0,accounting,medium
0.55,0.52,4,168,8,0,0,0,support,low
0.56,0.71,4,296,2,0,1,0,IT,medium
0.19,0.86,4,198,6,0,0,0,accounting,medium
0.52,0.62,3,160,2,0,0,0,hr,medium
0.31,0.51,2,146,3,0,0,0,RandD,low
0.92,0.62,4,265,3,1,0,0,sales,medium
0.98,0.88,4,145,2,0,0,0,sales,low
0.87,0.87,5,207,2,0,0,0,sales,high
0.57,0.72,4,221,3,0,0,0,accounting,medium
0.91,0.78,4,153,3,0,0,0,RandD,medium
0.16,0.9,5,258,3,0,0,0,technical,medium
0.51,0.71,5,154,2,0,0,0,product_mng,medium
0.73,0.41,2,231,6,1,0,0,sales,medium
0.46,0.53,2,147,3,0,1,0,sales,low
0.86,1,4,256,3,0,0,0,technical,medium
0.11,0.85,6,305,4,0,1,0,accounting,medium
0.84,0.67,3,139,2,0,0,0,technical,low
0.11,0.8,6,256,4,0,1,0,IT,low
0.88,0.96,5,182,4,1,0,0,marketing,medium
0.7,0.87,5,177,2,0,0,0,accounting,medium
0.09,0.85,6,289,4,0,1,0,hr,high
0.61,0.99,2,275,3,1,0,0,sales,medium
0.49,0.77,3,211,3,0,0,0,IT,high
0.44,0.53,2,140,3,0,1,0,sales,low
0.94,0.53,4,183,3,0,0,0,IT,medium
0.76,0.99,3,133,4,0,0,0,sales,low
0.78,0.68,2,159,3,1,0,0,support,medium
0.95,0.9,3,259,2,0,0,0,support,low
0.6,0.98,4,195,3,0,0,0,support,medium
0.8,0.79,5,240,2,0,0,0,support,low
0.66,0.76,3,207,2,0,0,0,accounting,low
0.75,0.93,3,247,2,0,0,0,technical,high
0.59,0.57,2,156,2,0,0,0,sales,low
0.13,0.61,5,198,5,0,0,0,sales,medium
0.47,0.53,3,111,4,0,0,0,RandD,medium
0.37,0.55,2,152,3,0,1,0,technical,medium
0.36,0.44,4,114,4,0,0,0,technical,medium
0.84,0.83,4,222,3,0,0,0,RandD,medium
0.51,0.55,2,102,7,0,0,1,management,medium
0.78,0.63,4,181,2,0,0,0,sales,medium
0.68,0.57,5,187,4,0,0,0,technical,high
0.39,0.68,2,137,3,1,0,0,sales,low
0.74,0.54,3,243,3,0,0,0,IT,medium
0.2,0.69,6,236,4,0,0,0,technical,low
0.75,0.87,4,193,3,0,0,0,sales,medium
0.81,0.7,6,161,4,0,1,0,IT,medium
0.48,0.86,5,246,3,0,0,0,technical,low
0.87,1,5,261,5,1,1,0,technical,medium
0.81,0.88,5,242,5,0,1,0,support,medium
0.94,0.53,5,169,3,0,0,0,technical,low
0.94,0.91,3,250,3,1,0,0,management,low
0.56,0.63,4,204,4,0,0,0,marketing,medium
0.29,0.85,2,248,6,1,0,0,support,low
0.38,0.56,2,156,3,0,1,0,technical,low
0.26,0.37,2,232,3,1,0,0,hr,low
0.64,0.97,4,268,2,0,0,0,technical,low
0.85,0.9,5,247,2,0,0,0,technical,medium
0.51,0.86,3,182,10,0,0,0,sales,low
0.88,0.9,2,233,3,0,0,0,support,low
0.1,0.79,7,310,4,0,1,0,hr,medium
0.09,0.77,6,244,4,0,1,0,marketing,low
0.75,0.76,5,175,4,0,0,0,IT,low
0.73,0.97,5,217,6,0,1,0,support,medium
0.66,0.61,5,259,3,0,0,0,technical,high
0.83,0.78,5,240,3,0,0,0,accounting,high
0.56,0.77,5,238,4,0,0,0,technical,medium
0.09,0.94,7,247,4,0,1,0,sales,medium
0.41,0.55,2,148,3,0,1,0,sales,low
0.82,0.58,5,227,3,0,0,0,RandD,low
0.66,0.5,3,139,10,1,0,0,sales,low
0.81,0.52,4,221,6,0,0,0,marketing,high
0.96,0.9,4,164,4,0,0,0,IT,low
0.63,0.91,4,252,3,1,0,0,support,medium
0.1,0.83,6,300,4,0,1,0,marketing,medium
0.1,0.9,7,281,4,0,1,0,sales,low
0.85,0.91,5,226,5,0,1,0,management,medium
0.62,0.86,4,135,3,0,0,0,technical,low
0.73,0.65,3,165,3,0,0,0,IT,low
0.6,0.42,2,109,6,0,0,0,sales,low
0.39,0.55,2,159,3,0,1,0,technical,high
0.1,0.9,6,299,4,0,1,0,marketing,low
0.57,0.65,3,163,2,0,0,0,support,low
0.48,0.81,4,149,2,0,0,0,management,medium
0.31,0.92,4,133,6,0,0,0,support,medium
0.8,0.84,4,242,2,1,0,0,marketing,low
0.44,0.47,2,156,3,1,1,0,sales,medium
0.62,0.92,5,149,3,0,0,0,IT,low
0.1,0.83,6,258,4,0,1,0,management,low
0.78,0.98,4,207,2,1,0,0,technical,medium
0.81,0.59,2,236,3,0,0,0,IT,medium
0.28,0.59,6,281,3,0,0,0,product_mng,medium
0.5,0.6,4,199,2,0,0,0,technical,low
0.83,0.91,3,168,3,0,0,1,technical,medium
0.91,0.61,3,262,3,0,0,0,technical,low
0.73,0.58,5,230,3,0,0,0,sales,low
0.89,1,5,253,5,0,1,0,technical,medium
0.76,0.67,5,243,3,0,0,0,sales,low
0.43,0.53,2,131,3,0,1,0,IT,low
0.63,0.5,5,246,2,0,0,0,hr,low
0.8,0.81,5,248,2,1,0,0,RandD,low
0.47,0.62,6,171,5,1,0,0,marketing,high
0.76,0.94,3,189,3,0,0,0,sales,medium
0.99,0.99,3,158,2,0,0,0,technical,low
0.97,0.63,4,151,3,0,0,1,management,medium
0.51,0.75,4,175,2,0,0,0,hr,medium
0.5,0.58,4,96,3,0,0,0,sales,low
0.74,0.84,5,249,5,0,1,0,product_mng,medium
0.55,0.86,4,169,6,0,0,0,IT,medium
0.44,0.57,2,145,3,0,1,0,support,low
0.53,0.62,3,185,3,0,0,0,marketing,medium
0.48,0.87,3,267,2,0,0,0,IT,low
0.41,0.38,4,142,10,1,0,0,support,low
0.42,0.48,2,129,3,0,1,0,management,low
0.53,0.78,5,198,3,0,0,0,technical,low
0.55,0.57,3,266,2,0,0,0,technical,medium
0.45,0.5,2,126,3,0,1,0,technical,low
0.84,0.84,4,266,3,0,0,0,support,low
0.78,0.96,4,111,2,0,0,0,sales,high
0.63,0.93,4,233,3,0,0,0,IT,medium
0.61,0.97,3,148,3,0,0,0,RandD,low
0.45,0.45,2,154,3,1,1,0,support,medium
0.96,0.64,3,166,2,0,0,0,accounting,medium
0.72,0.99,4,239,3,0,0,0,marketing,medium
0.97,0.77,3,182,2,1,0,0,support,low
0.43,0.51,2,141,3,0,1,0,sales,low
0.49,0.86,5,235,5,0,0,0,technical,low
0.68,0.81,5,266,2,0,0,0,accounting,medium
0.75,0.82,4,252,3,0,0,0,technical,low
0.63,0.85,3,151,4,1,0,0,product_mng,medium
0.75,0.77,3,178,4,0,0,0,IT,high
0.1,0.87,6,290,4,0,1,0,support,low
0.31,0.54,5,132,5,0,1,0,sales,low
0.37,0.48,2,160,3,0,1,0,product_mng,low
0.81,0.86,4,213,3,0,0,0,support,low
0.76,0.52,2,148,3,0,0,0,sales,high
0.93,0.9,4,256,4,0,0,0,technical,low
0.37,0.48,2,134,3,0,1,0,marketing,medium
0.17,0.5,4,267,6,0,0,0,support,high
0.37,0.41,2,146,2,0,0,0,support,medium
0.81,1,5,235,5,0,1,0,accounting,low
0.1,0.87,6,306,4,0,1,0,support,medium
0.09,0.9,6,295,4,0,1,0,accounting,low
0.4,0.79,5,181,5,0,0,0,IT,medium
0.73,0.6,4,222,3,0,0,0,technical,medium
0.65,0.97,4,145,2,0,0,0,technical,medium
0.11,0.93,7,296,4,0,1,0,RandD,low
0.73,0.91,4,247,5,0,1,0,support,medium
0.1,0.96,7,255,4,0,1,0,marketing,medium
0.92,0.75,4,212,3,0,0,0,sales,low
0.73,0.97,3,174,3,0,0,0,sales,low
0.91,0.75,4,159,3,1,0,0,support,low
0.62,0.51,5,134,3,0,0,0,sales,high
0.09,0.89,7,308,5,0,1,0,hr,medium
0.34,0.91,4,284,4,0,0,0,IT,low
0.52,0.9,5,176,3,0,0,0,technical,medium
0.38,0.6,5,145,5,0,0,0,hr,medium
0.54,0.46,2,98,4,0,0,0,support,low
0.46,0.52,2,131,3,0,1,0,RandD,low
0.52,0.97,4,170,3,0,0,0,support,medium
